region,sales,order_id,profit,customer_id,avg_sales_per_order,avg_sales_per_customer,profit_margin
West,725457.8245,1611,108418.4489,686,450.3152231533209,1057.5186946064139,0.14944831420727203
East,678781.24,1401,91522.78,674,484.4976730906495,1007.0938278931751,0.13483398568882074
Central,501239.8908,1175,39706.3625,629,426.587141106383,796.8837691573926,0.07921628591177565
South,391721.905,822,46749.4303,512,476.5473296836983,765.081845703125,0.11934341609004478
