RFM Segment,Avg Recency (days),Avg Frequency,Avg Monetary,Customer Count
Low-Value,362.4013605442177,3.3945578231292517,844.0994795918367,147
Mid-Value,150.72982456140352,5.463157894736842,2120.742832982456,285
High-Value,71.48387096774194,7.504032258064516,3926.6739508064516,248
Top Customers,28.743362831858406,9.663716814159292,5264.525571681416,113
